name,avg_mae,trial1_mae,trial2_mae,trial3_mae,trial4_mae,trial5_mae,avg_mae_freq,trial1_mae_freq,trial2_mae_freq,trial3_mae_freq,trial4_mae_freq,trial5_mae_freq,avg_mae_rare_high,trial1_mae_rare_high,trial2_mae_rare_high,trial3_mae_rare_high,trial4_mae_rare_high,trial5_mae_rare_high,avg_mae_rare_low,trial1_mae_rare_low,trial2_mae_rare_low,trial3_mae_rare_low,trial4_mae_rare_low,trial5_mae_rare_low,avg_pcc,trial1_pcc,trial2_pcc,trial3_pcc,trial4_pcc,trial5_pcc,avg_pcc_freq,trial1_pcc_freq,trial2_pcc_freq,trial3_pcc_freq,trial4_pcc_freq,trial5_pcc_freq,avg_pcc_rare_high,trial1_pcc_rare_high,trial2_pcc_rare_high,trial3_pcc_rare_high,trial4_pcc_rare_high,trial5_pcc_rare_high,avg_pcc_rare_low,trial1_pcc_rare_low,trial2_pcc_rare_low,trial3_pcc_rare_low,trial4_pcc_rare_low,trial5_pcc_rare_low
asc_mlp_amse0.85_apcc0.85,0.19236818651545776,0.18862543829048387,0.19364634362706204,0.19625571540349138,0.19261367301107615,0.19069976224517543,0.1909969740636811,0.18725467982125063,0.19225388800113602,0.19490347840448133,0.19127016654651627,0.1893026575450213,0.36527186651453086,0.35459489171179626,0.36335458759587996,0.3677141036182187,0.368208879835177,0.3724868698115824,0.9887730916630583,0.9979777120996766,1.0136738204408935,0.9798195554788478,0.9610448923316743,0.9913494779641994,0.7213465403254354,0.7301334434595638,0.7166903695955084,0.7130804404899662,0.7245387429661577,0.722289705115981,0.7205745804549573,0.7295310928074996,0.7158726560562196,0.7122729584500309,0.7237222249444438,0.7214739700165923,0.26494965754747235,0.26914166157271024,0.25408319372624344,0.26417955531079285,0.27937278538540183,0.25797109174221333,-0.0396144388474988,-0.024366906722772756,-0.006685081450242119,-0.0825981778043331,-0.04086245117100801,-0.04355957708913802
